,智能机器人,,,,,,数字化设计与虚拟制造,,,,,,网络化制造与云制造,,,,,,系统控制,,,,,,工业软件,,,,,,重大装备,,,,,,微纳制造,,,,,,生物制造,,,,,,制造模式,,,,,,
NO,2014-2020年　促进经济,2014-2020年　人民生活质量,2014-2020年　国家安全,2021-2030年　促进经济,2021-2030年　人民生活质量,2021-2030年　国家安全,2014-2020年　促进经济,2014-2020年　人民生活质量,2014-2020年　国家安全,2021-2030年　促进经济,2021-2030年　人民生活质量,2021-2030年　国家安全,2014-2020年　促进经济,2014-2020年　人民生活质量,2014-2020年　国家安全,2021-2030年　促进经济,2021-2030年　人民生活质量,2021-2030年　国家安全,2014-2020年　促进经济,2014-2020年　人民生活质量,2014-2020年　国家安全,2021-2030年　促进经济,2021-2030年　人民生活质量,2021-2030年　国家安全,2014-2020年　促进经济,2014-2020年　人民生活质量,2014-2020年　国家安全,2021-2030年　促进经济,2021-2030年　人民生活质量,2021-2030年　国家安全,2014-2020年　促进经济,2014-2020年　人民生活质量,2014-2020年　国家安全,2021-2030年　促进经济,2021-2030年　人民生活质量,2021-2030年　国家安全,2014-2020年　促进经济,2014-2020年　人民生活质量,2014-2020年　国家安全,2021-2030年　促进经济,2021-2030年　人民生活质量,2021-2030年　国家安全,2014-2020年　促进经济,2014-2020年　人民生活质量,2014-2020年　国家安全,2021-2030年　促进经济,2021-2030年　人民生活质量,2021-2030年　国家安全,2014-2020年　促进经济,2014-2020年　人民生活质量,2014-2020年　国家安全,2021-2030年　促进经济,2021-2030年　人民生活质量,2021-2030年　国家安全,
28,B,A,C,A,A,B,B,B,C,B,B,A,C,C,C,B,B,B,A,B,A,A,A,A,A,B,A,A,A,A,A,A,A,A,A,A,B,A,A,B,B,A,C,B,B,B,A,B,C,A,C,B,A,C,
27,B,B,B,A,B,B,B,C,A,B,C,A,B,D,B,B,D,B,A,C,B,A,B,A,A,A,A,A,A,A,A,C,A,A,C,A,B,C,A,A,C,A,B,C,B,A,B,A,C,D,C,B,C,C,
26,B,A,A,A,A,A,A,B,A,A,B,A,A,A,A,A,B,A,B,A,A,B,B,A,A,A,B,A,A,B,A,A,A,A,A,A,A,A,B,A,A,B,A,B,B,A,A,A,B,A,B,A,A,B,
25,A,C,B,A,B,B,B,C,C,B,C,C,A,B,B,A,B,B,A,C,B,A,C,B,A,C,B,A,C,B,A,C,A,A,C,A,A,A,A,A,A,A,C,A,C,C,A,C,B,C,B,B,C,B,
24,B,B,A,A,A,A,A,A,A,A,A,A,B,B,A,A,A,A,A,A,A,B,B,A,A,A,A,B,B,B,A,A,A,A,A,A,A,A,A,A,A,A,B,B,B,B,B,A,B,B,A,A,A,A,
23,A,A,A,A,A,A,B,B,B,C,C,C,B,B,B,C,C,C,A,A,A,A,A,A,B,B,B,B,B,B,A,B,A,B,B,A,B,B,A,B,B,A,B,B,B,B,B,B,B,B,C,B,B,C,
22,B,B,C,A,A,B,A,B,B,A,B,B,B,C,B,A,B,B,B,B,A,B,B,A,B,B,A,B,B,A,A,B,A,A,B,A,B,B,B,B,B,B,B,C,B,B,C,B,B,B,B,B,B,B,
21,A,B,A,A,A,A,B,C,B,A,C,C,C,C,C,B,C,B,B,C,A,A,C,B,B,C,B,B,C,B,A,C,A,A,B,A,B,B,A,B,A,A,B,B,B,A,A,B,A,B,C,A,B,C,
20,A,B,B,A,B,B,A,A,B,A,A,B,B,C,B,A,B,B,B,B,B,B,B,B,A,B,A,A,B,A,B,B,B,B,B,B,C,B,B,B,A,B,C,B,B,B,B,B,B,B,B,A,B,B,
19,A,A,A,B,A,A,B,C,A,A,B,A,A,B,A,A,B,B,A,A,A,A,A,A,A,A,A,A,B,A,A,A,A,B,C,A,B,B,A,A,A,A,B,A,C,A,A,B,A,B,B,A,A,A,
78,A,B,C,A,A,B,B,B,B,A,B,A,B,A,A,A,A,A,A,B,A,A,A,A,B,B,A,A,B,A,A,B,A,A,B,A,B,B,B,A,B,B,A,A,A,A,A,A,A,A,A,A,A,A,
147,A,A,A,A,A,A,B,C,B,A,C,B,A,B,A,A,A,A,B,B,B,B,B,B,A,C,B,A,C,A,B,B,B,B,B,B,C,C,A,B,B,A,,,,,,,B,A,C,A,B,C,
146,B,B,B,A,A,B,B,C,B,B,C,B,C,C,C,B,C,C,B,C,B,B,C,B,B,C,B,B,C,B,A,C,B,A,B,A,B,C,C,B,B,B,C,B,B,C,B,B,B,B,C,B,A,C,
145,,,A,,,A,A,,,A,,,,,C,,,C,B,,,B,,,C,,,C,,,B,,A,B,,A,C,,,B,,,B,A,,B,A,,,B,,,B,,
144,B,C,A,B,B,A,A,C,B,A,B,B,A,B,A,A,B,A,A,B,B,A,B,A,A,B,A,A,B,A,A,B,A,A,B,A,A,B,A,A,B,A,A,A,B,A,A,B,A,A,B,A,A,B,
143,,,,,,,,,,,,,,,,,,,,,,,,,,,,,,,,,,,,,,,,,,,A,A,A,A,A,A,,,,,,,
8,B,B,A,B,B,A,A,A,B,A,A,B,A,B,B,A,B,B,A,B,A,A,B,A,B,B,B,B,B,B,A,A,A,A,A,A,B,B,A,B,B,A,B,B,B,A,A,A,B,B,B,B,B,B,
7,A,A,B,A,A,A,A,B,A,A,B,A,A,A,B,A,A,B,A,A,B,A,A,A,B,B,B,A,B,B,B,B,A,A,B,A,B,B,B,B,B,B,C,C,C,C,B,C,C,C,C,C,C,C,
6,A,A,A,A,A,A,A,A,A,A,A,A,A,A,A,A,A,A,B,B,A,A,A,A,A,B,A,A,B,A,A,A,A,A,A,A,A,A,A,A,A,A,A,A,A,A,A,A,A,A,A,A,A,A,
115,B,B,A,A,A,A,A,B,A,A,B,B,B,A,B,A,A,B,A,B,B,B,B,B,B,B,B,B,B,B,A,A,A,B,B,A,A,B,A,B,B,A,B,A,B,A,A,B,C,A,A,A,A,B,
114,A,C,B,A,B,B,A,B,B,A,A,B,A,B,C,A,B,C,B,B,B,B,B,C,C,C,C,C,C,C,C,C,C,C,C,C,B,C,B,A,B,B,A,A,A,A,A,A,A,A,B,A,A,B,
113,B,D,D,D,D,D,C,C,C,C,C,C,C,B,D,B,B,B,C,C,C,D,D,D,C,C,C,C,C,C,C,C,C,D,D,D,C,B,D,C,B,D,A,A,A,A,A,A,A,A,A,A,A,A,
112,A,B,A,A,B,A,B,C,B,B,C,B,B,B,B,B,B,B,B,C,B,B,C,B,B,C,B,B,C,B,A,C,A,A,C,A,A,C,A,A,C,A,C,B,C,B,B,C,B,C,B,B,C,B,
111,A,A,C,A,A,B,A,C,C,A,B,B,A,C,B,A,B,A,B,C,A,B,C,A,B,C,A,A,C,A,B,C,B,B,C,B,A,C,B,A,C,B,B,C,A,A,C,A,A,B,B,A,B,B,
110,B,B,A,B,B,A,A,B,A,A,B,A,C,B,B,B,B,C,C,B,B,B,B,B,C,C,C,C,C,C,A,B,A,A,B,A,A,B,B,B,B,B,C,B,C,B,B,C,B,B,C,B,B,C,
99,A,A,A,A,A,A,A,A,A,A,A,A,A,A,A,A,A,A,A,A,A,A,A,A,A,A,A,A,A,A,A,A,A,A,A,A,A,A,A,A,A,A,A,A,A,A,A,A,A,A,A,A,A,A,
98,A,A,C,A,A,C,B,C,C,B,C,C,B,B,B,A,A,B,A,B,A,A,B,A,A,B,A,A,B,A,A,A,A,A,A,A,B,B,A,A,B,A,B,B,B,A,A,A,B,A,C,B,A,B,
97,A,B,A,A,A,A,A,B,A,A,B,A,A,B,A,A,B,A,A,B,A,A,A,A,A,B,A,A,B,A,A,B,A,A,B,A,A,B,A,A,B,A,A,A,B,A,A,B,A,A,B,A,A,B,
96,A,C,C,B,A,A,B,C,C,A,C,A,B,A,B,B,B,B,A,C,A,B,A,A,C,C,A,C,C,A,A,C,A,A,C,A,A,B,A,A,C,A,C,C,C,C,C,C,C,C,B,A,C,C,
95,B,A,B,A,A,A,C,C,B,B,C,C,D,D,B,C,D,C,A,B,B,A,B,B,B,B,B,B,B,B,A,B,A,A,B,A,B,B,A,B,A,A,D,D,D,D,C,C,C,C,D,C,C,B,
94,A,A,A,A,A,A,B,C,A,A,A,A,B,C,B,A,B,A,B,B,B,C,C,C,B,B,B,B,B,B,A,B,A,A,B,A,B,B,A,A,A,A,C,C,B,A,A,A,B,C,B,B,B,B,
93,B,B,B,B,B,B,B,B,B,B,B,B,C,C,C,C,C,C,A,A,A,A,A,A,B,B,B,B,B,B,A,A,A,A,A,A,B,B,B,B,B,B,B,B,B,A,A,A,B,B,B,A,A,A,
92,A,A,B,A,A,B,A,A,A,A,A,A,A,A,B,A,A,B,A,A,A,A,A,A,A,A,A,A,A,A,A,A,A,A,B,A,B,B,B,A,B,B,A,A,B,A,A,A,A,A,B,B,B,B,
91,A,A,B,A,A,A,A,A,A,A,A,A,B,B,C,B,B,C,A,A,A,A,A,A,A,A,A,A,A,A,A,A,A,A,A,A,A,A,A,A,A,A,B,A,C,B,A,B,B,B,B,B,B,B,
90,A,A,A,A,A,A,B,B,B,B,B,B,C,C,C,C,C,C,A,A,A,A,A,A,B,B,B,B,B,B,B,B,A,B,B,A,B,B,A,B,B,A,C,C,C,B,B,C,B,B,C,B,B,C,
16,A,B,A,A,A,A,B,C,C,B,B,B,B,C,B,A,B,B,A,B,A,A,B,A,C,B,B,B,B,A,A,B,A,A,B,A,A,A,A,A,A,A,C,C,C,B,B,B,B,B,C,B,B,B,
15,A,A,C,A,A,B,B,C,A,B,C,A,A,B,A,A,B,A,B,C,B,A,C,B,B,C,A,B,B,A,A,B,A,A,B,A,B,B,A,B,B,A,A,A,B,A,A,A,A,A,A,A,A,A,
14,A,A,A,A,A,A,A,B,B,B,B,B,B,B,B,B,B,B,A,A,A,A,A,A,A,B,A,A,A,A,A,A,A,A,A,A,A,B,A,A,A,A,A,A,A,A,A,A,A,A,B,A,A,B,
171,A,A,A,A,A,A,A,B,B,A,B,B,B,B,B,A,B,B,A,A,A,A,A,A,B,A,B,A,A,B,A,A,A,A,A,A,B,C,A,B,B,A,C,C,B,B,C,B,B,A,C,B,A,C,
170,B,A,A,B,A,A,A,A,A,A,A,A,A,A,A,A,A,A,A,A,A,A,A,A,B,B,B,B,B,B,A,A,A,A,A,A,B,B,A,B,B,A,B,B,A,B,B,A,B,B,B,B,B,B,
169,B,C,B,B,B,A,A,C,B,A,C,B,A,B,B,A,B,A,A,B,A,A,C,A,B,C,A,B,C,A,A,C,B,A,C,B,A,C,B,A,B,B,B,A,B,B,A,B,B,B,B,B,A,B,
168,B,C,B,A,B,B,B,C,B,B,B,B,C,C,C,B,B,B,B,B,B,A,B,A,B,C,B,B,B,B,A,B,A,A,B,A,C,C,B,B,B,A,C,C,B,B,B,B,B,B,C,A,A,B,
167,,,,,,,,,,,,,,,,,,,,,,,,,,,,,,,,,,,,,,,,,,,,,,,,,B,B,C,B,B,C,
166,C,B,C,B,A,A,B,B,C,B,B,B,A,A,A,A,A,A,A,A,A,A,A,A,B,B,A,B,B,B,B,A,B,B,B,B,B,B,B,B,B,B,B,B,B,A,B,A,B,B,B,A,A,A,
122,C,C,C,A,A,A,A,A,A,A,A,A,C,C,C,A,A,A,B,B,B,B,B,B,A,A,A,A,A,A,A,A,A,A,A,A,A,A,A,A,A,A,C,C,C,B,B,B,C,C,C,A,A,A,
121,A,B,A,A,A,A,A,B,A,A,A,A,C,B,B,A,A,A,A,B,A,A,A,A,A,B,B,A,A,A,A,B,A,A,A,A,C,C,B,B,A,A,C,B,B,B,A,A,A,B,B,A,A,A,
179,A,B,B,A,A,B,A,B,A,A,B,A,B,B,B,A,B,B,A,B,A,A,B,B,A,B,B,A,B,A,A,A,A,A,A,A,A,B,B,A,A,A,B,B,B,B,A,B,A,B,B,A,A,B,
178,B,A,A,A,A,A,A,A,A,A,A,A,A,A,A,A,A,A,A,A,A,A,A,A,A,B,A,A,B,A,A,B,A,A,B,A,B,B,A,A,A,A,B,A,B,A,A,A,A,B,A,A,B,A,
177,B,B,B,A,A,A,B,B,B,A,A,A,B,B,B,B,B,B,A,A,A,A,A,A,A,A,A,A,A,A,A,A,A,A,A,A,B,B,B,B,B,A,B,B,B,B,B,B,A,A,A,A,A,A,
176,B,B,A,A,B,A,B,C,B,B,C,B,A,B,B,A,B,B,B,B,A,B,B,A,A,B,B,B,B,B,A,B,A,A,B,A,B,C,A,B,C,A,C,B,C,B,B,B,B,A,B,B,A,B,
175,A,B,B,A,A,A,A,A,A,A,A,A,A,B,B,A,B,B,A,B,B,A,A,A,A,B,B,B,A,A,A,A,A,A,A,A,A,A,A,A,A,A,B,B,C,B,B,B,A,B,B,A,B,B,
174,B,A,A,A,B,B,B,B,A,B,A,A,B,B,A,A,B,A,A,B,B,B,A,B,A,B,B,A,B,B,A,B,A,B,B,A,B,B,A,A,B,A,A,A,B,A,B,A,B,B,A,A,B,B,
173,A,B,B,A,B,B,B,C,B,A,B,C,B,B,B,B,B,B,B,B,B,A,A,A,B,B,C,B,B,C,B,C,B,B,B,A,B,A,A,A,A,A,C,B,C,B,A,B,C,B,C,B,A,B,
172,A,B,C,A,B,B,A,B,C,A,B,B,B,C,C,A,C,B,A,C,B,A,C,B,A,C,B,A,C,A,A,C,B,A,C,A,B,C,B,A,C,A,B,B,B,A,B,B,B,B,B,A,B,A,
119,B,B,B,A,B,B,A,B,B,B,B,B,B,D,A,B,B,A,A,B,A,A,B,A,B,D,A,B,D,A,A,B,A,A,B,A,B,D,A,B,D,A,A,B,B,A,B,B,A,B,B,A,B,B,
118,A,B,A,A,B,A,B,B,B,A,B,B,B,C,B,A,B,B,A,B,A,A,B,A,B,B,A,B,A,A,A,B,A,A,B,A,C,C,A,A,B,A,B,A,A,A,A,A,A,A,B,A,A,B,
117,B,A,A,B,B,A,B,A,B,B,B,B,C,C,B,B,B,B,B,B,B,B,C,B,B,B,C,B,B,B,A,B,B,B,B,B,B,B,A,B,A,A,B,B,B,A,A,B,C,B,C,B,A,B,
116,A,A,A,A,A,A,A,B,B,A,A,A,B,C,D,B,B,C,B,B,B,B,B,B,A,B,C,A,B,C,B,C,A,C,B,A,A,A,A,A,A,A,A,A,A,A,A,A,A,A,A,A,A,A,
13,A,B,B,A,B,A,B,B,B,B,B,B,B,C,B,B,B,B,A,A,A,A,A,A,B,B,A,B,A,A,A,B,A,A,B,A,B,B,B,B,B,B,C,C,A,B,B,A,C,C,D,C,B,C,
12,B,A,B,B,A,B,A,B,B,A,A,B,B,B,C,A,B,C,A,A,A,A,A,A,B,B,A,A,B,A,A,B,A,A,B,A,A,B,B,A,A,B,A,A,B,A,A,A,A,B,C,A,B,C,
12A,,,,,,,,,,,,,,,,,,,,,,,,,,,,,,,,,,,,,,,,,,,A,A,A,A,A,A,,,,,,,
11,A,C,B,B,A,B,A,A,B,A,A,A,B,A,B,A,A,B,C,B,B,B,B,B,A,A,B,A,A,B,B,B,A,C,B,A,C,C,A,B,C,B,D,C,B,B,B,A,B,B,B,B,B,B,
10,A,A,A,B,A,A,A,A,A,B,B,A,A,A,B,B,B,A,A,A,A,A,B,A,A,A,B,A,B,A,A,A,B,A,B,A,A,A,B,B,B,A,A,A,B,B,B,A,A,A,A,B,A,A,
142,A,C,A,A,A,A,A,A,A,A,A,A,A,A,A,A,A,A,A,A,A,A,A,A,A,C,A,A,A,A,A,B,A,A,A,A,A,A,A,A,A,A,A,A,A,A,A,A,A,A,A,A,A,A,
141,B,A,B,B,A,B,B,C,A,B,C,A,A,B,C,A,B,C,A,C,A,A,C,A,A,B,A,A,B,A,A,A,A,A,A,A,C,A,A,B,A,A,A,A,A,A,A,A,B,A,A,B,A,A,
140,C,D,A,A,B,A,A,C,B,B,C,B,A,A,A,A,A,A,A,B,A,A,B,A,A,B,A,A,B,A,A,B,A,A,A,A,B,B,A,A,B,A,A,A,A,A,A,A,A,A,A,A,A,A,
139,B,C,C,A,B,B,B,B,C,A,B,B,B,B,B,B,B,A,B,B,B,A,B,A,B,B,C,B,B,B,B,C,B,A,B,A,B,B,B,A,B,A,B,B,C,B,A,B,B,B,C,B,B,B,
138,A,C,C,A,B,B,B,B,B,A,B,B,C,C,B,B,C,B,A,C,B,A,C,B,B,C,C,B,C,C,A,C,B,A,C,A,B,C,B,B,C,B,C,B,C,C,B,C,C,B,C,C,B,C,
137,A,B,A,A,A,A,B,B,B,A,B,A,B,B,B,A,B,A,A,A,A,A,A,A,B,B,A,B,B,A,A,A,A,A,A,A,B,A,A,A,A,A,B,B,B,B,A,B,B,B,C,B,B,B,
136,B,B,B,A,A,A,A,B,A,A,A,A,A,A,B,A,A,A,A,A,A,A,A,A,B,B,A,A,A,A,A,B,A,A,A,A,B,B,B,A,B,B,B,B,B,B,A,B,A,A,B,A,A,B,
135,A,A,A,A,A,A,A,C,A,A,C,A,A,C,A,A,C,A,A,C,A,A,C,A,A,C,A,A,C,A,A,C,A,A,C,A,A,B,A,A,B,A,A,A,B,A,A,B,A,A,B,A,A,B,
134,A,B,A,A,A,A,A,B,B,A,B,A,B,A,B,A,A,B,A,A,B,A,A,B,A,B,B,A,A,B,A,A,A,A,A,A,A,A,A,A,A,A,B,A,A,A,B,A,B,B,A,A,B,A,
133,C,A,A,B,A,A,B,A,C,B,B,B,B,C,C,A,A,B,B,B,B,A,A,B,C,C,C,B,B,B,C,D,A,C,C,A,B,B,A,A,A,A,B,B,C,A,A,A,B,B,B,A,A,A,
9,C,C,C,B,B,B,C,B,C,C,C,B,D,D,D,B,C,C,B,B,A,B,A,A,B,B,A,A,A,A,A,B,A,A,A,A,C,B,A,A,A,A,C,B,C,B,B,A,D,A,C,B,A,B,
5,B,A,B,B,A,B,B,B,B,B,B,B,B,B,B,B,B,B,A,A,A,A,A,A,B,B,B,A,B,A,A,A,A,A,A,A,C,C,C,B,B,B,C,C,C,B,B,B,B,A,B,B,A,B,
4,A,A,A,A,A,A,B,B,B,B,B,B,B,B,B,B,B,B,A,A,A,A,A,A,A,A,A,A,A,A,A,A,A,A,A,A,C,C,C,C,C,C,C,C,C,C,C,C,B,B,B,B,B,B,
3,A,A,A,A,A,A,A,A,A,A,A,A,A,A,A,A,A,A,A,A,A,A,A,A,A,A,A,A,A,A,A,A,A,A,A,A,A,A,A,A,A,A,A,A,A,A,A,A,A,A,A,A,A,A,
3A,A,A,A,A,A,A,B,B,A,B,B,B,A,B,A,A,B,B,B,B,B,B,B,B,B,B,B,B,B,B,A,B,A,A,B,A,B,B,B,A,A,A,B,B,B,A,A,A,A,A,A,A,A,A,
2,A,A,A,A,A,A,A,A,A,A,A,A,A,A,A,A,A,A,A,A,A,A,A,A,A,A,A,A,A,A,A,A,A,A,A,A,A,A,A,A,A,A,A,A,A,A,A,A,A,A,A,A,A,A,
1,A,A,A,A,A,A,B,B,B,A,B,B,B,C,B,B,B,A,A,B,A,A,B,A,A,A,A,A,A,A,B,B,B,A,B,A,B,C,C,B,C,C,B,C,B,B,C,B,A,A,A,A,A,A,
89,A,B,C,A,B,C,,,,,,,,,,,,,,,,,,,,,,,,,,,,,,,,,,,,,A,A,C,A,A,B,,,,,,,
88,A,B,C,B,A,C,C,C,C,B,B,B,C,C,C,B,B,B,A,B,C,A,B,C,C,C,C,B,B,B,A,B,C,A,B,C,C,C,B,B,B,A,C,C,C,C,C,C,B,B,C,B,B,C,
87,A,C,A,A,B,A,B,B,A,B,B,A,A,A,A,A,A,A,A,C,A,A,B,A,B,C,A,B,C,A,A,C,A,A,B,A,A,B,A,A,B,A,B,B,A,A,A,A,A,B,A,A,A,A,
86,A,A,A,A,A,A,A,B,B,A,B,B,A,B,A,A,A,A,A,B,B,A,B,B,A,A,B,A,A,B,A,B,B,A,B,B,A,B,B,A,B,B,A,B,B,A,B,B,A,A,A,A,A,A,
85,C,C,B,B,B,A,A,C,A,A,B,A,B,D,B,A,B,A,A,C,A,A,B,A,B,C,A,A,B,A,A,C,A,A,B,A,C,C,A,C,C,C,B,A,C,B,A,C,B,B,C,A,A,C,
84,B,C,C,A,B,C,B,C,C,B,C,C,B,B,B,B,B,B,A,B,B,A,A,A,C,C,C,B,C,B,A,A,A,A,A,A,B,C,C,B,B,B,C,C,C,C,B,C,B,B,C,A,A,C,
83,B,A,A,B,A,A,A,C,B,A,C,B,B,B,B,B,B,B,B,C,B,B,C,B,A,C,A,A,C,A,A,C,A,A,C,A,B,B,A,B,B,A,B,C,B,B,C,B,A,A,C,A,A,C,
82,A,A,A,A,A,A,A,B,A,A,B,A,B,B,A,B,B,A,B,B,A,B,B,A,B,B,A,B,B,A,A,B,A,A,B,A,A,B,A,A,B,A,A,A,A,A,A,A,A,A,A,A,A,A,
81,A,B,A,A,B,A,B,B,A,B,B,B,B,B,A,B,B,A,A,A,A,B,B,A,A,B,A,B,B,A,A,B,A,B,B,A,A,B,A,B,B,A,A,B,A,B,C,A,B,B,A,B,C,A,
80,C,C,B,B,B,B,B,C,B,B,B,B,B,C,B,A,B,B,B,C,B,B,C,B,B,C,C,B,C,B,C,C,B,B,C,A,B,C,B,B,B,A,C,B,C,B,A,B,B,C,B,B,C,B,
79,A,A,A,A,A,A,A,B,B,B,B,C,B,B,A,B,C,B,B,C,B,B,C,B,A,C,A,B,C,A,B,C,B,B,C,A,A,A,A,A,A,A,B,A,A,B,A,A,C,C,D,C,C,D,
68,A,B,A,A,A,A,A,A,A,A,A,A,B,B,B,A,A,A,A,A,A,A,A,A,A,A,A,A,A,A,A,A,A,A,A,A,A,A,A,A,A,A,A,A,A,A,A,A,A,A,A,A,A,A,
67,A,B,B,A,A,A,B,C,B,A,C,B,C,C,C,B,C,B,A,B,B,A,B,A,B,C,A,A,C,A,B,C,B,A,C,B,A,B,A,A,A,A,B,D,C,B,C,B,A,B,B,A,A,B,
66,B,B,C,A,B,B,B,B,C,A,A,B,B,B,C,A,A,B,B,B,A,B,B,A,B,B,A,A,A,A,B,B,C,B,B,B,B,C,C,A,B,B,B,C,C,B,B,C,B,C,B,B,A,A,
65,A,A,A,A,A,A,A,A,B,A,A,B,A,A,A,A,A,A,B,A,A,B,A,A,C,B,A,C,B,C,B,B,A,B,B,B,B,A,A,A,A,A,B,A,B,A,A,A,A,A,B,A,A,A,
64,B,B,C,B,B,C,B,B,B,B,B,B,C,C,B,C,C,B,B,C,B,B,C,B,A,C,A,A,C,A,A,C,A,A,C,A,A,B,A,A,B,A,B,A,B,B,A,B,B,A,B,B,A,B,
63,B,B,B,B,B,B,A,A,B,A,A,B,A,A,B,A,A,B,A,B,A,A,B,A,A,A,A,A,A,A,A,B,A,A,B,A,B,B,A,A,A,A,B,B,B,B,B,A,A,A,B,A,A,A,
62,B,A,A,B,A,A,A,B,B,A,B,B,B,B,B,B,B,B,A,B,A,A,A,A,B,C,A,B,B,A,B,B,A,A,B,A,C,B,A,B,B,A,C,B,A,B,B,A,D,A,C,D,B,D,
61,A,B,A,A,A,A,B,C,B,A,B,A,A,A,A,A,B,A,A,C,B,B,C,B,B,C,B,C,C,A,A,B,A,B,C,B,B,B,B,A,B,A,B,B,B,A,A,A,B,C,C,A,C,B,
60,B,B,B,A,A,A,A,A,A,A,A,A,B,A,C,A,A,B,A,B,A,A,A,A,A,B,A,A,B,A,A,B,A,A,B,A,A,A,A,A,A,A,B,B,C,B,A,B,A,A,B,A,A,A,
120,A,B,B,A,B,B,B,B,A,B,B,A,A,A,A,A,A,A,B,B,A,B,B,A,A,B,A,A,B,A,A,B,A,A,B,A,A,B,A,A,B,A,A,A,A,A,A,A,B,B,A,B,B,A,
161,B,B,C,B,B,C,B,B,B,B,B,B,B,B,B,B,B,B,B,B,A,B,B,A,B,C,B,B,C,B,B,B,A,B,B,A,C,C,B,C,C,B,C,C,B,C,C,B,A,A,C,A,A,C,
160,A,A,A,A,A,A,A,A,A,A,A,A,A,A,A,A,A,A,A,,,A,,,A,,A,A,,A,A,,A,A,,A,,,,,,,,,,,,,,,,,,,
159,,,,,,,,,,,,,,,,,,,,,,,,,,,,,,,,,,,,,,,,,,,A,B,A,A,B,A,B,B,A,A,B,A,
158,A,A,A,A,B,A,B,C,B,B,C,C,C,C,C,C,C,C,A,A,A,B,B,A,B,B,A,A,B,A,A,A,A,A,A,A,B,C,A,B,B,B,C,C,C,B,B,B,B,B,B,A,A,B,
157,A,A,A,A,A,A,A,A,A,A,A,A,A,A,A,A,A,A,A,A,A,A,A,A,B,B,B,B,B,B,A,A,A,A,A,A,B,B,B,B,B,B,A,A,A,A,A,A,B,B,B,B,B,B,
156,A,A,A,A,A,A,A,A,A,A,A,A,B,B,C,A,A,B,A,A,A,A,A,A,B,B,B,B,B,B,A,B,A,A,B,A,B,B,A,A,B,A,C,C,C,B,B,B,B,B,C,B,B,C,
155,B,C,C,B,B,B,B,B,B,B,B,B,C,B,C,C,B,C,B,C,B,B,C,B,C,C,C,C,C,C,A,B,A,A,B,A,B,A,A,B,A,A,A,A,B,A,A,A,A,B,B,A,A,B,
154,A,A,B,B,A,A,B,B,B,A,B,B,B,B,B,A,B,A,B,C,B,B,B,A,B,B,A,B,B,B,A,C,B,A,B,B,B,B,C,B,B,C,A,B,A,B,B,B,A,C,C,A,B,C,
153,A,B,A,A,A,A,A,B,B,A,B,B,B,C,B,B,C,B,A,C,A,A,C,A,C,D,B,B,C,B,A,C,A,A,C,A,A,C,A,A,C,A,B,A,B,A,A,A,B,C,C,B,C,C,
18,B,B,B,B,A,B,A,C,B,A,C,B,B,C,B,B,C,B,A,B,A,A,B,A,A,C,A,A,C,A,A,C,A,A,C,A,C,B,B,C,B,B,B,B,B,B,B,B,B,C,C,B,C,C,
17,B,B,C,B,B,C,C,C,B,C,C,C,C,C,C,C,D,C,B,B,B,B,A,B,C,C,B,B,C,D,B,B,A,B,C,B,B,B,B,B,B,A,B,B,B,C,B,C,A,A,B,A,B,B,
77,B,D,A,A,B,A,A,D,A,A,C,A,B,C,B,A,C,A,B,C,A,A,C,A,B,D,A,A,C,A,B,D,A,A,D,A,B,C,B,A,B,A,B,B,C,A,A,B,B,C,C,A,B,B,
76,A,B,C,A,B,B,B,C,B,B,C,B,C,C,C,B,C,B,A,C,A,A,C,A,A,C,C,A,C,B,A,C,B,A,C,A,A,C,C,A,C,B,B,A,B,A,B,B,B,A,C,B,A,B,
75,,B,,A,A,A,A,,,A,,A,A,A,,,B,A,A,A,,A,,A,,,,A,,,,A,,,B,,B,,,,,,,,,,B,,,,,,,,
74,B,C,A,B,C,A,A,B,B,A,B,B,A,B,A,A,B,A,A,A,B,A,A,B,B,C,C,B,C,C,A,A,A,A,A,A,B,B,B,B,B,B,B,B,C,B,B,C,A,A,A,A,A,A,
73,A,A,A,A,A,A,B,A,B,B,A,B,B,A,B,B,A,B,A,B,B,A,B,B,A,B,B,A,B,B,A,A,A,A,A,A,B,A,A,B,A,A,A,A,B,A,A,B,A,A,B,A,A,B,
72,B,B,A,B,A,A,B,B,A,A,B,A,B,B,B,B,B,B,A,A,A,A,A,A,B,B,A,B,B,A,A,B,A,A,B,A,B,B,A,B,B,A,B,A,B,B,A,B,A,A,A,A,A,A,
71,B,A,B,A,A,A,A,B,B,A,A,A,B,B,B,A,A,B,B,B,C,B,B,B,B,C,B,A,B,A,A,C,A,A,C,A,B,C,A,A,C,A,C,C,D,C,C,D,C,C,C,C,C,C,
70,B,B,C,B,B,C,B,B,C,B,B,C,B,B,C,B,B,C,B,C,C,B,C,C,B,C,C,B,C,C,B,C,B,B,C,B,C,C,C,C,C,C,C,C,C,C,C,C,C,C,C,C,C,C,
69,C,C,A,B,B,A,B,B,A,B,A,A,B,B,A,B,B,A,B,B,B,A,A,B,A,B,B,A,A,B,A,A,B,A,A,B,B,A,B,A,A,B,A,A,B,A,A,A,B,A,B,B,A,A,
59,,,,,,,,,,,,,,,,,,,,,,,,,,,,,,,,,,,,,,,,,,,,,,,,,,,,,,,
58,B,C,C,A,B,C,B,B,B,A,B,B,C,C,C,B,B,B,B,B,C,A,B,B,B,C,B,A,A,B,A,B,A,A,A,A,A,B,A,A,B,B,B,A,C,B,A,B,A,B,B,A,B,B,
57,B,B,C,A,A,B,C,C,C,C,C,C,B,C,C,B,B,B,B,B,B,A,A,A,C,C,C,C,C,C,A,A,A,A,A,A,A,C,B,A,A,B,C,C,C,B,B,C,C,A,C,A,A,B,
56,,,,,,,,,,,,,,,,,,,,,,,,,,,,,,,,,,,,,,,,,,,,,,,,,,,,,,,
55,A,A,A,A,A,A,C,B,B,C,B,B,A,A,A,A,A,A,A,A,A,A,A,A,A,A,A,A,A,A,A,A,A,A,A,A,C,B,A,A,B,A,B,B,B,A,A,A,C,C,D,D,D,D,
54,A,A,A,A,A,A,A,A,A,A,A,A,A,A,A,A,A,A,A,B,A,A,B,A,B,B,B,B,B,B,A,A,A,A,A,A,A,A,A,A,A,A,B,A,B,B,A,B,B,A,A,B,A,A,
53,A,A,B,A,A,B,A,B,B,A,B,B,B,B,B,A,A,A,A,B,A,A,B,A,A,C,A,A,C,A,A,C,B,A,C,B,C,C,B,B,C,B,C,B,C,B,A,C,B,B,C,B,A,C,
52,A,A,A,A,A,A,A,B,B,A,B,A,B,C,C,A,A,A,A,B,B,B,B,B,B,B,B,B,C,C,B,B,B,B,C,C,A,B,B,A,A,A,B,B,B,A,A,B,A,A,B,A,A,A,
51,A,A,A,A,A,A,B,B,B,B,B,B,B,B,B,B,A,A,B,B,A,A,A,A,B,B,B,A,A,A,A,A,A,A,A,A,C,C,A,B,B,A,C,C,A,B,B,A,C,C,C,B,B,B,
50,A,A,A,A,A,A,,,,,,,,,,,,,A,A,A,A,B,A,,,,,,,,,,,,,,,,,,,B,A,B,A,A,A,B,A,C,A,A,C,
109,A,B,A,A,A,A,A,B,A,A,A,A,B,C,B,B,B,B,A,A,A,A,A,A,A,B,A,A,B,A,A,B,A,A,B,A,B,B,A,B,B,A,C,B,B,C,B,B,C,B,C,B,B,B,
108,C,C,B,B,B,B,B,B,C,B,B,B,B,C,C,B,B,C,B,B,B,B,B,B,B,B,C,B,B,B,B,B,B,B,B,B,B,B,B,B,B,B,C,C,C,B,B,C,B,A,C,B,A,C,
107,,,,,,,A,C,B,A,C,B,,,,,,,,,,,,,,,,,,,,,,,,,,,,,,,,,,,,,,,,,,,
106,A,B,B,A,A,A,A,B,B,A,B,B,B,C,C,A,B,B,A,B,A,A,B,A,A,C,C,A,C,C,A,C,A,A,C,A,A,B,A,A,A,A,B,B,B,B,B,B,A,A,C,A,A,C,
105,A,A,C,A,A,B,B,B,C,B,B,C,B,B,C,B,B,C,B,B,B,B,B,B,B,B,B,C,C,B,A,A,B,B,B,B,A,A,B,B,B,B,A,A,B,A,A,A,A,A,B,B,B,B,
104,A,B,A,A,A,A,A,B,A,A,A,A,A,B,A,A,A,A,A,A,A,A,A,A,A,B,A,A,B,A,A,A,A,A,A,A,A,B,A,A,A,A,A,B,A,A,A,A,A,A,A,A,A,A,
103,A,A,A,A,A,A,A,B,A,A,B,A,A,B,A,A,B,A,A,B,A,A,B,A,B,B,A,A,B,A,A,B,A,A,B,A,A,A,A,A,A,A,B,A,B,A,A,B,A,A,B,A,A,B,
102,A,A,A,A,A,A,A,A,A,A,A,A,A,B,A,B,B,B,A,B,A,A,B,A,A,B,B,B,B,B,A,B,A,A,B,A,A,A,A,A,A,A,A,A,B,A,A,B,B,B,B,B,B,B,
101,A,A,A,A,A,A,B,B,B,B,A,A,B,B,B,B,B,B,A,A,A,A,A,A,B,B,B,B,B,B,A,A,A,A,A,A,B,B,B,B,B,B,B,B,B,B,B,B,A,A,A,A,A,A,
100,A,B,B,B,A,B,A,B,B,B,A,B,B,B,B,A,B,B,A,A,B,A,B,B,A,B,A,A,B,A,A,B,A,A,B,A,A,B,B,A,A,B,A,B,B,B,B,B,A,B,C,A,B,C,
148,B,A,A,B,A,A,A,B,A,A,B,A,A,B,A,A,B,A,A,B,A,A,B,A,A,B,A,A,A,A,A,A,A,A,A,A,B,A,A,A,A,A,B,A,B,B,A,B,A,B,B,A,B,B,
149,A,B,B,A,A,B,A,B,B,A,B,B,A,B,B,A,B,B,A,B,A,A,B,A,A,C,B,B,C,B,A,B,A,A,B,A,B,C,B,A,C,B,B,B,B,A,B,A,A,A,B,A,A,B,
150,A,B,B,B,A,B,B,A,B,A,B,B,A,B,A,A,B,A,B,A,B,A,B,B,A,B,A,B,A,B,B,A,B,A,B,A,A,B,A,B,A,B,B,A,B,B,B,B,A,A,B,A,A,A,
151,A,B,B,A,A,B,A,B,B,A,A,B,B,B,B,A,A,B,A,A,A,A,A,A,A,B,A,A,B,A,A,B,A,A,A,A,A,A,A,A,A,A,B,B,A,A,A,A,A,A,B,A,A,B,
152,B,C,A,A,A,A,A,C,B,A,B,A,B,B,C,A,B,B,A,C,B,A,C,B,A,B,B,A,B,B,B,C,B,B,C,B,A,A,A,A,A,A,C,B,C,B,A,B,A,C,B,A,B,B,
165,A,A,A,A,A,A,A,A,A,A,A,A,B,B,C,A,A,C,A,A,A,A,A,A,A,B,B,A,A,A,A,A,A,A,A,A,A,A,A,A,A,A,B,A,C,A,A,B,A,A,C,A,A,B,
164,D,B,C,B,B,D,B,A,C,A,B,A,A,C,B,A,B,C,A,C,B,A,B,B,A,C,A,A,B,A,B,D,A,A,C,C,A,C,B,B,C,C,B,C,B,A,B,C,A,D,B,A,B,C,
163,A,A,B,A,A,B,A,C,B,A,C,B,A,B,B,A,B,B,A,B,A,A,B,A,A,C,A,A,C,A,A,C,A,A,C,A,A,B,B,A,B,B,A,B,B,A,B,B,A,B,B,A,B,B,
162,B,B,A,B,B,A,B,B,A,B,A,A,C,B,B,B,B,B,A,A,A,A,A,A,B,B,A,B,B,A,A,B,A,A,B,A,A,A,A,B,B,A,B,B,B,B,B,B,B,A,B,B,A,B,
132,A,B,C,A,A,C,A,B,C,A,B,C,A,A,A,A,A,A,A,B,C,A,A,C,A,B,C,A,A,A,A,B,C,A,A,C,,,,,,,,,,,,,B,A,B,B,B,C,
131,B,C,A,A,B,A,A,C,B,A,C,B,B,C,B,B,C,B,A,B,A,A,B,A,A,D,B,A,D,B,A,D,B,A,D,B,B,C,B,B,C,B,C,C,B,C,C,B,B,C,B,B,C,B,
130,A,A,A,A,A,A,A,A,B,A,A,B,B,B,B,A,B,A,A,B,B,A,B,B,B,B,B,B,B,B,A,B,A,A,B,A,B,B,A,B,B,A,B,A,C,A,A,B,B,A,B,A,A,B,
129,A,A,A,A,A,A,A,A,A,A,A,A,B,B,B,A,A,A,A,A,A,A,A,A,B,B,B,B,B,B,A,A,A,A,A,A,A,A,A,A,A,A,A,A,A,A,A,A,A,A,A,A,A,A,
128,C,D,C,A,C,B,B,C,B,B,C,A,D,D,D,C,C,B,A,C,A,A,B,A,C,D,B,B,D,A,A,B,A,A,B,A,B,C,B,B,A,A,D,D,C,D,C,B,C,C,C,B,A,B,
127,A,A,A,A,A,A,A,B,A,A,A,A,A,A,A,A,A,A,A,A,A,A,A,A,A,B,A,A,A,A,A,A,A,A,A,A,B,C,C,C,C,B,C,C,C,B,B,B,C,B,B,A,B,A,
126,A,B,B,B,A,A,A,B,B,A,A,B,B,B,A,A,B,A,A,B,B,A,A,B,A,B,B,A,B,B,A,A,A,A,A,A,B,B,A,A,B,A,B,A,B,A,A,A,B,A,B,A,A,B,
125,,,,,,,,,,,,,,,,,,,,,,,,,,,,,,,,,,,,,,,,,,,,,,,,,,,,,,,
124,A,A,A,A,A,A,A,A,A,A,A,A,A,A,A,A,A,A,A,A,A,A,A,A,A,A,A,A,A,A,A,A,A,A,A,A,A,A,A,A,A,A,A,A,A,A,A,A,A,A,A,A,A,A,
123,C,C,C,B,A,B,B,B,B,B,B,B,B,B,B,B,B,B,B,B,A,B,B,B,C,B,B,B,B,B,A,A,A,A,A,A,A,B,A,A,A,A,B,C,C,B,B,C,B,B,C,B,A,C,
49,A,A,A,A,A,A,B,C,A,B,C,B,B,C,C,B,C,C,A,B,A,A,B,A,A,C,A,A,C,A,A,C,A,A,C,A,C,C,A,C,C,A,C,C,B,C,C,B,A,C,B,A,C,B,
48,A,A,A,A,A,A,A,A,A,A,A,A,A,A,A,A,A,A,A,A,A,A,A,A,A,A,A,A,A,A,A,A,A,A,A,A,A,A,A,A,A,A,A,A,A,A,A,A,A,A,A,A,A,A,
47,B,C,B,A,B,A,B,D,C,B,D,C,B,C,C,B,C,C,A,C,B,A,C,B,B,C,C,B,C,C,A,B,A,A,B,A,B,C,B,B,C,B,B,B,B,B,B,B,B,B,C,B,B,C,
46,A,A,A,A,A,A,A,B,A,A,B,A,B,B,A,B,B,A,B,A,A,B,A,A,B,A,A,B,A,A,A,A,A,A,A,A,A,A,A,A,A,A,B,B,A,B,B,A,B,B,B,B,B,B,
45,,,,,,,,,,,,,,,,,,,,,,,,,,,,,,,,,,,,,,,,,,,,,,,,,,,,,,,
44,A,A,A,A,A,A,A,B,A,A,B,A,A,A,A,A,A,A,A,B,A,A,B,A,A,B,A,A,B,A,A,B,A,A,B,A,A,B,A,A,B,A,A,A,A,A,A,A,A,A,A,A,A,A,
43,A,A,A,A,A,A,A,A,A,A,A,A,A,A,A,A,A,A,A,A,A,A,A,A,B,B,B,A,A,A,A,A,A,A,A,A,A,A,A,A,A,A,B,B,B,A,A,A,A,A,A,A,A,A,
42,A,B,B,A,A,A,C,C,C,C,B,B,B,B,A,B,B,A,B,B,A,A,A,A,B,B,B,B,B,A,A,B,A,A,A,A,B,C,A,B,B,A,B,B,B,B,A,B,C,B,C,C,B,B,
41,,,,,,,,,,,,,,,,,,,,,,,,,,,,,,,,,,,,,,,,,,,,,,,,,,,,,,,
40,B,A,C,B,A,C,A,A,B,A,A,B,B,B,C,B,B,C,B,A,B,B,A,B,A,B,C,A,B,C,B,A,C,B,A,C,A,C,C,A,C,C,B,A,C,B,A,C,A,B,C,A,B,C,
39,A,A,B,A,A,A,B,C,B,C,C,C,B,B,B,A,A,A,B,C,A,B,B,A,B,C,B,B,B,B,B,C,A,A,B,A,B,B,A,A,A,A,C,A,C,C,A,C,A,B,C,A,A,C,
38,B,A,B,A,A,A,B,C,B,B,B,B,B,C,B,A,B,B,A,B,A,A,A,A,A,B,A,A,B,A,B,B,B,A,B,A,A,B,A,A,B,B,A,B,A,A,B,B,B,B,B,A,B,B,
37,A,B,B,A,A,A,B,B,B,B,B,B,C,C,C,C,C,C,B,B,B,B,B,B,B,C,C,B,C,B,A,B,A,A,B,A,A,B,A,A,B,A,C,C,C,C,C,C,C,B,C,C,B,C,
36,A,A,A,A,A,A,B,B,A,A,B,A,C,C,C,C,C,C,A,A,A,A,A,A,B,B,B,B,B,B,A,B,A,A,B,A,C,C,A,C,C,A,D,D,C,C,B,B,B,A,C,B,A,C,
35,B,A,A,A,A,A,B,B,B,B,B,B,A,B,B,A,A,B,B,B,B,B,B,B,B,B,C,B,B,C,A,B,A,A,B,A,B,B,A,A,A,A,B,A,B,A,A,B,B,A,C,B,A,C,
34,C,C,A,B,B,A,B,B,B,A,B,B,B,B,B,A,B,A,A,B,B,A,A,B,B,C,B,A,B,A,A,B,A,A,B,A,B,B,A,A,B,A,C,B,C,B,A,B,A,B,C,A,A,B,
33,A,A,A,A,A,A,B,B,C,B,B,C,B,B,B,A,A,B,A,A,A,A,A,A,A,A,A,B,B,B,A,A,A,A,A,A,A,A,A,A,A,A,A,A,A,A,A,A,B,A,B,B,A,B,
32,A,B,A,A,B,A,A,B,A,A,A,A,A,A,B,A,A,B,B,B,A,B,B,A,B,B,A,B,B,A,A,B,A,A,A,A,B,B,B,B,B,A,B,B,C,B,A,C,B,A,C,B,A,C,
31,B,C,B,A,A,A,B,C,C,B,C,B,B,C,C,A,B,C,A,A,A,A,A,A,B,B,A,A,A,A,A,A,A,A,A,A,B,B,A,A,A,A,C,B,C,B,A,B,A,A,C,A,B,C,
29,A,A,B,A,A,A,A,A,B,A,A,A,B,B,B,A,A,A,A,A,A,A,A,A,B,B,B,A,A,A,A,A,A,A,A,A,A,A,A,A,A,A,A,A,A,A,A,A,B,B,B,A,A,A,
30,B,B,A,A,B,A,B,C,B,A,B,A,B,C,B,A,B,A,A,B,A,A,A,A,A,C,A,A,C,A,A,B,A,A,B,A,B,B,B,B,A,A,B,B,B,A,A,B,B,B,B,A,A,A,
188,A,A,A,A,A,A,A,A,B,A,B,B,A,A,B,A,B,B,A,B,B,A,B,B,B,B,B,B,B,B,A,A,A,A,A,A,A,A,A,A,A,A,A,A,A,A,A,A,A,A,A,A,A,A,
187,,,,,,,,,,,,,,,,,,,,,,,,,,,,,,,,,,,,,,,,,,,B,A,B,A,A,B,,,,,,,
186,C,C,B,B,B,B,C,C,C,B,B,B,A,A,C,A,A,B,B,B,A,B,A,A,B,B,B,B,B,B,A,A,A,A,A,A,B,C,A,B,B,A,B,A,B,B,A,B,A,A,B,A,A,B,
185,B,C,C,A,B,C,B,D,C,B,D,D,B,C,D,A,C,D,A,D,C,B,D,C,B,D,D,B,D,D,A,C,C,B,C,C,B,D,C,B,D,C,A,B,C,B,B,C,B,C,B,B,C,B,
184,A,B,A,A,B,B,A,A,B,A,B,A,B,B,A,B,B,A,A,B,C,C,B,A,B,B,A,A,B,B,A,A,A,B,A,A,A,A,A,A,A,A,A,B,A,A,B,A,B,A,A,A,B,A,
183,B,A,A,A,A,A,A,B,B,B,B,A,A,B,A,B,A,B,A,A,B,A,B,B,B,B,A,A,B,A,A,A,B,A,B,A,A,B,A,A,A,A,B,A,B,A,A,B,A,B,B,A,B,B,
182,B,C,B,B,C,B,C,C,C,B,C,C,B,C,B,B,C,B,B,C,C,B,C,C,B,C,C,B,C,C,B,C,C,B,C,C,C,C,C,C,C,C,C,B,C,C,B,C,B,C,B,B,C,B,
181,A,A,A,A,A,A,A,A,A,B,B,A,A,A,A,A,B,A,A,B,B,A,B,B,A,B,B,A,B,B,B,B,B,B,B,B,B,B,B,B,B,B,B,B,B,B,B,B,B,A,B,B,A,B,
180,A,B,A,A,B,A,B,B,B,B,A,A,B,B,A,A,A,A,A,B,A,A,B,A,A,B,A,A,B,A,A,B,A,A,A,A,B,B,A,A,A,A,A,A,B,A,A,A,B,A,B,B,A,B,
189,A,A,A,A,A,A,B,B,C,B,B,C,B,C,C,A,B,C,A,A,B,A,A,B,A,B,C,A,B,C,B,B,A,B,A,A,B,C,C,A,B,B,C,B,C,B,A,C,B,B,C,A,B,C,
192,A,A,D,A,A,C,,,,,,,A,A,D,A,A,A,B,C,D,A,C,D,A,C,D,A,C,D,A,C,D,A,C,D,A,A,D,A,A,D,A,A,C,A,A,B,A,A,B,A,A,B,
193,,A,,,,,,,,,,,,,,A,,,,,,,,,,,,,,,A,,A,,,,,,,,,A,,,,,,,B,,,,A,,
194,A,B,B,A,A,B,A,B,A,A,A,B,A,A,B,A,A,B,A,B,A,A,B,A,A,B,A,A,B,A,A,A,A,A,A,A,A,A,A,A,A,A,A,B,B,A,B,B,A,A,A,A,A,A,
195,B,B,B,A,A,A,B,B,B,A,A,A,B,B,B,A,A,A,B,B,B,A,A,A,A,A,A,A,A,A,A,A,A,A,A,A,B,B,B,A,A,A,B,B,B,A,A,A,A,A,A,A,A,A,
196,B,B,C,A,B,B,A,C,C,A,B,C,B,C,C,B,B,C,B,C,C,B,C,B,A,C,D,A,C,C,B,C,B,A,C,B,C,B,A,C,B,A,C,B,C,B,B,C,B,B,C,B,B,C,
197,B,C,C,A,B,A,B,D,A,A,C,A,B,C,B,A,B,A,A,D,A,A,D,A,A,D,A,A,D,A,A,C,A,A,C,A,B,C,A,A,C,A,B,A,B,A,B,A,A,B,B,A,A,A,
198,B,B,B,B,A,B,B,C,C,B,B,B,C,B,C,B,B,C,B,C,B,C,C,B,C,C,C,C,B,B,B,C,B,B,C,B,A,B,A,B,B,A,B,B,B,B,C,B,C,B,C,C,B,C,
199,B,A,B,B,A,B,B,C,C,B,C,C,C,C,C,C,C,C,A,C,C,A,C,C,B,C,C,B,C,C,A,C,A,A,C,A,B,A,A,B,A,A,C,A,C,C,A,C,C,B,C,C,B,C,
200,A,B,A,A,A,A,B,B,B,B,A,B,A,A,A,A,A,A,A,A,A,A,A,A,A,B,B,A,B,A,A,A,A,A,A,A,B,A,A,A,A,A,A,A,A,A,A,A,B,A,A,A,A,A,
201,A,A,B,A,A,B,A,A,A,A,A,A,A,B,B,A,B,B,A,B,A,A,B,A,A,B,A,A,B,A,A,B,A,A,B,A,A,B,A,A,B,A,A,A,B,A,A,B,A,A,B,A,A,B,
202,B,C,A,A,B,A,C,C,B,B,B,B,C,C,C,B,B,B,B,B,A,B,B,A,C,C,C,B,B,B,A,B,A,A,B,A,B,B,A,B,A,A,B,A,B,A,A,B,A,A,B,A,A,B,
203,A,B,B,A,A,A,B,B,B,B,B,B,A,A,B,A,A,B,A,B,B,A,B,A,B,B,B,A,B,B,A,B,A,A,A,A,A,A,B,A,A,A,B,A,B,A,A,B,B,B,B,A,A,B,
204,A,B,B,A,B,B,B,C,C,A,B,B,B,B,C,B,B,B,B,C,B,B,C,B,B,C,C,B,C,C,A,B,A,A,B,A,B,C,B,B,C,B,A,B,B,A,A,B,A,B,B,A,B,B,
205,A,A,A,A,A,A,C,C,C,C,C,C,C,C,C,C,C,C,B,B,B,B,B,B,A,A,A,A,A,A,B,B,B,B,B,B,B,B,B,A,A,A,B,B,B,A,A,A,C,C,C,B,B,B,